Pacifiers, Diapers, Wipes, Formula
Pacifiers, Diapers, Wipes, Bedspread, Blanket
Pacifiers, Diapers, Wipes, Headboard, Nightstand, Dresser
Pacifiers, Thermometer, Diapers, Wipes, Formula, Vanity, Artwork
Pacifiers, Diapers, Wipes, Formula, Rug, Curtains, Blinds
Pacifiers, Thermometer, Diapers, Wipes, Formula, Blender, Smartwatch
Pacifiers, Thermometer, Diapers, Wipes, Formula, Mattress, Pillows, Comforter, Quilt
Pacifiers, Diapers, Wipes, Formula, Mixer, Toaster, Juicer, Microwave, Oven, Stove
Pacifiers, Diapers, Wipes, Formula, Freezer, Dumbbells, Treadmill
Pacifiers, Diapers, Wipes, Formula, Headboard, Nightstand, Dresser, Vanity, Artwork, Rug
Pacifiers, Thermometer, Diapers, Wipes, Formula, Mattress, Pillows, Comforter, Quilt, Blender, Smartwatch
Pacifiers, Diapers, Wipes, Formula, Mixer, Toaster, Juicer, Microwave, Oven, Stove, Freezer, Dumbbells, Treadmill
Pacifiers, Diapers, Wipes, Formula, Headboard, Nightstand, Dresser, Vanity, Artwork, Rug, Curtains, Blinds
Pacifiers, Diapers, Wipes, Formula, Mattress, Pillows, Comforter, Quilt, Blender, Smartwatch, Mixer, Toaster, Juicer, Microwave, Oven, Stove
Pacifiers, Diapers, Wipes, Formula, Freezer, Dumbbells, Treadmill, Headboard, Nightstand, Dresser, Vanity, Artwork, Rug, Curtains, Blinds
Pacifiers, Thermometer, Diapers, Wipes, Formula, Mattress, Pillows, Comforter, Quilt, Blender, Smartwatch, Mixer, Toaster
Pacifiers, Diapers, Wipes, Formula, Mattress, Pillows, Comforter, Quilt, Headboard, Nightstand, Dresser, Vanity, Artwork, Rug, Curtains, Blinds
Mattress, Pillows, Comforter, Quilt, Blender, Smartwatch, Headboard, Nightstand, Dresser, Vanity, Artwork, Rug, Curtains, Blinds
Smartwatch, Mixer, Toaster, Juicer, Microwave, Oven, Stove, Freezer, Dumbbells, Treadmill, Headboard
Pacifiers, Thermometer